first_name,last_name,job_title,department,email,address,phone_number,salary,password
Raymond,Moore,Stage manager,"Duncan, Castaneda and Hayes",brittanyaguilar@example.org,Matthewfurt,(533)972-8585x94412,9187,kmjKXW4c
Catherine,Jones,Hydrographic surveyor,Suarez-Robinson,patrickcampbell@example.net,Port Jamesfurt,+1-635-220-3921x792,11842,ynZZCFJQ
Sara,Pollard,Banker,Moore Group,zrogers@example.net,North Michelle,453.463.7239,3443,tgwaqPi8
Michael,Wood,Freight forwarder,Silva Ltd,jennifer13@example.org,Owensmouth,3832997376,3149,smo5xWxJ
Randall,Ray,"Engineer, energy",Lawson Group,darrellduran@example.com,Rodriguezville,001-610-937-6561x435,46358,SNWPVIbz
Juan,Carter,"Psychologist, prison and probation services","Green, Tate and Gibbs",wsutton@example.com,Port Mark,(648)663-1983x8442,18808,3ciVtJUr
Stephen,Collins,"Doctor, hospital","Huff, York and Franklin",wvalentine@example.net,Lake Seanshire,626.260.7469x99804,47860,aR2vRSOX
Jerry,Mitchell,Trade union research officer,"Bates, Ho and Morris",pobrien@example.org,South Jeffreyview,282.507.4025x3408,19690,6Uhs0ufQ
John,Ramirez,Museum/gallery conservator,Aguilar Group,phunter@example.org,Javierville,001-255-780-7493,53171,DY717uXw
Megan,Morales,Rural practice surveyor,"Richards, Salas and Cole",englishjames@example.net,New Laura,(422)921-1794x077,12036,JgFml7wI
Susan,Phillips,Neurosurgeon,Rodriguez-Green,anna04@example.net,Sandrahaven,572-528-6063x83391,99135,XPSwQvlb
Michelle,Christian,Licensed conveyancer,"Ray, Beck and Brown",eflores@example.com,Lake James,+1-580-239-1224x3410,11884,L9RL0A8l
Daniel,Glenn,Arboriculturist,Wade Inc,castrojames@example.org,Rittershire,742-799-6247x4356,33502,H2wyPpVA
Mark,Dixon,Tourist information centre manager,Calhoun-Ibarra,andrewdudley@example.org,South Julie,586.268.4769x176,71646,p3uL1zh5
Michelle,Wilkinson,"Production assistant, television",Huerta Group,mark45@example.com,Villaview,+1-434-564-9325x4812,20248,D0fFTgBB
Michael,Mason,Musician,Ellis-Lee,phillip52@example.net,West Russellborough,(377)863-3761x991,89011,Mi6l0aGe
Jodi,Moreno,Economist,"Barnett, Vasquez and Rush",ljohnson@example.net,New Crystalville,+1-209-226-1905,66585,Kszf3zxW
Jonathan,Leonard,"Scientist, research (maths)",Carter PLC,joelwatson@example.net,New Jeffreyport,+1-782-382-1618x824,10618,jhX9mXps
Ruth,Brown,"Engineer, aeronautical",Harmon-Smith,cweber@example.net,Kelliview,001-534-386-7879,12481,NO6H7b9d
Patricia,Davis,Astronomer,"Moore, Hanson and Ayala",tammy84@example.net,West Ashlee,001-860-544-3141x62766,58271,LAbMhY8A
Deborah,Villa,"Designer, industrial/product","Lynch, White and Andrews",sarahjenkins@example.net,South Travis,(345)868-0733,45145,4t0ZXAiD
Brent,Williams,Television production assistant,Craig Inc,michael63@example.net,Heatherbury,985.957.9726x371,48048,mSqoUaWv
Stephanie,Trevino,"Librarian, public","Aguilar, Berry and Wheeler",torresamy@example.net,East Carlosbury,(755)550-4301x9186,42041,I58ZjaSU
Victoria,Combs,Speech and language therapist,"Davis, Acevedo and Chavez",khoward@example.com,South Jeffreyton,584-330-4768x32797,15683,IMDuw8ML
David,Castillo,Hydrogeologist,"Williams, Collins and Byrd",jacobtorres@example.net,Guerrafurt,570.956.9352x79776,20611,YuvjZRDG
Daniel,Robinson,Catering manager,"Martin, Wilson and Romero",cynthia49@example.org,Pughmouth,+1-520-273-0951,13353,Nm0fVQm1
Catherine,Stone,International aid/development worker,Parker and Sons,devon02@example.net,Lake Holly,+1-973-674-2140x595,17218,t0YWQrbG
Amanda,Schmidt,"Biochemist, clinical",Coleman-Wilson,kdixon@example.org,Lake Michaelhaven,+1-595-472-3657x43387,15004,03EpiYAO
Deborah,Harris,"Merchandiser, retail","Flynn, Miller and Hopkins",amyperez@example.com,South Matthewville,+1-363-219-5588x76083,82927,epRe1QCO
April,Davis,Dispensing optician,Brown Ltd,riosann@example.org,Davidsonburgh,692.247.2535,16661,vXDZGLVQ
Randy,Lopez,"Editor, magazine features",Rhodes Ltd,robertclark@example.org,Oconnorville,2889818948,12161,Z15RryDR
Cindy,Cox,Wellsite geologist,Phillips Inc,manderson@example.org,Kaylahaven,742.529.4400,44817,wujWNnj8
Mary,Benitez,Medical physicist,Robinson-Parker,christopher58@example.com,Ericport,+1-879-856-0116x1244,1322,mojscbWm
Justin,Hernandez,Waste management officer,Williams LLC,jamesphillips@example.org,West Debra,645-206-5138,89337,sm28585R
Jennifer,Parker,Cartographer,"Ponce, Holmes and Berry",cindy39@example.net,Brittneyport,(741)770-8845x78409,29931,NCRR7kdV
Joshua,Jones,Soil scientist,Cunningham Ltd,cynthiabarton@example.com,Lisamouth,001-803-402-3624,72457,ZUSFTau7
Christopher,Delacruz,"Lecturer, higher education",Miller-Garcia,perezmicheal@example.org,North Matthewborough,+1-388-699-7267x7528,99736,0BJxKLYJ
Thomas,Newton,"Engineer, chemical",Oneal-West,danielhurst@example.com,Castillobury,8435194607,51912,jhBW6D7d
Leslie,Martinez,"Scientist, forensic",Mendoza PLC,xgolden@example.org,South Tylerburgh,+1-956-482-9933,1305,kODIcLCg
Sherry,Small,Production engineer,Yoder Inc,parkerbreanna@example.net,Jacobsshire,6929812135,2351,JQuVjvm7
Jessica,Elliott,Passenger transport manager,"Ramirez, Larson and Williams",hailey26@example.org,Walkermouth,360-784-8699x180,14002,r8PRMVnR
Heidi,Martin,"Engineer, mining","Cook, Huber and Harris",douglaswashington@example.org,North Amychester,447.802.2217,56058,8X6KTao5
Dylan,Leach,Community pharmacist,Thomas and Sons,marieberry@example.com,Michelestad,001-952-467-9335x27900,39021,VjzBjZDp
Stephen,Kelley,"Designer, graphic",Cruz and Sons,cynthia70@example.net,Ricardostad,268.284.9923x66386,4561,QIpMpBJK
William,Moore,Higher education careers adviser,Peterson Group,loganfaulkner@example.net,South Brittanyport,001-707-710-6248x2737,8040,RpuqlVVj
Jacob,Benton,Private music teacher,Carr-Holmes,jennifernichols@example.net,Michellemouth,446-918-9590x5434,22744,PGZbFj3G
Pamela,Hudson,Learning mentor,Henry-Middleton,tpaul@example.net,Edwardsshire,341.827.7853x127,21571,GSJ88vpw
Stephen,Morris,"Conservation officer, historic buildings","Reid, Smith and Becker",alexandramarquez@example.com,Michaelton,783-604-9217,83996,sk5cMDEg
Jose,Jennings,"Conservator, museum/gallery",Stone-Rogers,mallen@example.com,East Christopherburgh,+1-277-609-8354,53469,GIbHNKJR
Jonathan,Tanner,"Teacher, English as a foreign language","Smith, Bush and Taylor",jeff32@example.com,North Timothyland,233.255.1797x7432,71339,4uab7KaY
Thomas,Hickman,"Producer, radio",Moon LLC,hnash@example.net,Gabrielshire,(700)525-9161x8033,46618,ddTEEbAV
Dawn,Gonzales,"Scientist, marine",May Ltd,karina95@example.org,Whitetown,(490)431-2004,37186,JlkFFzm9
Austin,Johnson,"Psychologist, educational","Decker, Webb and Smith",penatyler@example.net,Stephanieburgh,387.650.8333,61684,4vk25urm
Michael,Franco,Public relations account executive,"Marks, Thompson and Jackson",fernandezkaren@example.org,Sheritown,(275)959-9548x94828,46414,I09VSE79
David,Garcia,"Merchandiser, retail",Mullins and Sons,barbarasawyer@example.org,South Jennifer,001-656-727-5205,87785,gNGRrfLW
Samuel,Allen,Estate manager/land agent,"Trevino, Palmer and Rodriguez",edavis@example.org,Keithhaven,+1-792-760-3251x70048,51138,3jVnzrQI
Marco,Berry,Multimedia programmer,Bridges Inc,stanleynavarro@example.com,New Jenniferburgh,(643)481-5578,175,Z7AyewCe
Douglas,Wilson,Production manager,Roberts LLC,lopezjermaine@example.org,Samuelside,(487)217-6276,35900,3l6Ag8OF
Jennifer,Garcia,Forest/woodland manager,Robinson and Sons,edwardsrachel@example.com,North Brianna,+1-596-850-5979,76598,tUlKpNlY
Megan,Burnett,IT technical support officer,Perkins-Strickland,lisa78@example.org,East Paul,001-794-872-1247x0785,6720,zUI971xj
Kaitlin,Jones,Restaurant manager,Cherry-Jackson,brian14@example.org,Davidberg,+1-475-548-3285,28206,yihYKpVq
Mikayla,Lewis,Careers adviser,Campos-Maddox,whitecatherine@example.com,West Joseton,001-996-812-0744x66229,53962,uhwNEVt7
Mia,Black,Investment analyst,Oneill-Anderson,james88@example.net,Lake Cassandrafort,(467)970-0973x0036,99147,FHi4agKu
Cassie,Tate,Hydrographic surveyor,Rasmussen Ltd,carneyjoshua@example.net,North Lisashire,765.719.1717,16554,DyZQ8KTX
Gilbert,Rivera,Music therapist,Nichols-Nelson,william50@example.org,North Douglas,+1-339-426-8209x77728,13304,m8OWfVaR
Edward,Hampton,"Education officer, environmental","Moses, Strickland and Franklin",jstewart@example.org,Toddtown,+1-457-232-4212x59128,16268,id7lReZY
Mark,Lucas,Counselling psychologist,Bell PLC,malik08@example.com,Brittanyfort,001-382-348-6331x31110,67924,4C3UwZpx
Marissa,Page,Passenger transport manager,Johnson and Sons,vsanders@example.com,East Brian,255.210.2592,71929,1yY8ry7W
Scott,Knapp,"Engineer, control and instrumentation",Griffin Inc,ashleevaughn@example.net,West Lindsay,533.251.0822,50055,x5CskZLe
Stephen,Jackson,"Surveyor, quantity",Simpson and Sons,mary12@example.net,East Pamela,001-993-766-3531,71044,1jy066vu
Nicole,Roberson,Financial adviser,Lynn-Miller,qjohnson@example.net,Perkinsmouth,795.252.8677,87222,4S0KNG0B
Brenda,Rojas,Hydrologist,"Wolf, Marshall and House",ubriggs@example.org,Lauraberg,(614)831-5985x66720,20976,VurevsEs
Oscar,Morrow,Historic buildings inspector/conservation officer,Mccann-Terry,william49@example.net,South Alyssa,9022367139,16683,McSYO1iE
Matthew,Ramirez,Artist,Brown-Cruz,jeremyjenkins@example.org,Camposview,461-446-8225x88363,20093,bh5EFqwY
Amanda,Davenport,Museum education officer,Campbell and Sons,mrobles@example.net,North Lisaville,561.956.4029x373,58054,F6IKpYRE
Jennifer,Smith,Health service manager,"Wells, Rivers and Gonzalez",ksanchez@example.org,New Donna,6445608401,24041,AHgu8Xkk
Monica,Oneill,Diagnostic radiographer,"Gray, Gardner and Guerrero",hernandezjohn@example.org,Burtonfort,001-755-406-3969x7666,89190,vBZKo54u
Carlos,Anderson,"Embryologist, clinical","Weber, Russo and Webb",david24@example.com,Joestad,001-360-471-6040,16638,NgOgMVNU
Richard,Coleman,Training and development officer,Dalton Group,bruce97@example.com,Leeview,873.561.1265,92845,LYq61G0t
Joshua,Evans,"Engineer, control and instrumentation",Crawford-Gates,kelly11@example.org,West Joseph,837-986-7982x43114,57857,19FcBLF6
Darren,Mcdaniel,Chartered public finance accountant,Fuller-Jones,allenmason@example.com,Lake Antoniofurt,9519466101,26439,RFcGgCcP
Timothy,Odonnell,Arts development officer,Howell-Garza,laurie67@example.com,Lake Michelleside,(323)941-7397x138,569,36TJuTYw
Heather,Preston,Production manager,Reese-Perez,angelicalester@example.org,Meganville,001-550-372-9397x8585,2407,iA7sLht3
Timothy,Bell,"Administrator, education",Gross-Dyer,gmorrison@example.net,Mariebury,6979442967,58389,N0qXQ2FA
Dawn,Thompson,"Therapist, nutritional","Williams, Jones and Griffin",codyfloyd@example.net,Katelynland,001-583-265-7454x09672,95140,M7wmwuGm
Janet,Mayo,"Nurse, children's",Beck LLC,mathischristopher@example.com,North Meghan,773.220.6752x73159,86227,t8HLEGgm
Anthony,Blanchard,Physiological scientist,Sanders-Miller,clarkstephanie@example.com,Kimberlymouth,(255)987-6427x3413,96306,YWEgSP4m
Miranda,Olson,"Surveyor, insurance",Summers LLC,charles17@example.com,Powellchester,223.684.7837x5625,80960,EclPE1BW
Diana,Barnes,"Accountant, chartered","Wood, Freeman and Werner",flopez@example.com,Alexisside,971-381-8867x5644,22172,zvoQ2v0D
Amanda,Anderson,TEFL teacher,"Carpenter, Myers and Nguyen",jean07@example.net,Kleinbury,340.397.7246,12373,EoDBEfnq
Richard,Taylor,"Designer, multimedia",Wade-Swanson,mccoymegan@example.org,Toddborough,001-907-475-9352x927,76714,vkqU7WMS
David,Snow,Further education lecturer,"Gonzalez, Valentine and Gonzalez",thunt@example.org,North Christina,322-833-3719x469,94322,37RpMmAp
Gary,Cross,Graphic designer,Bullock Group,colejose@example.net,West Sethchester,+1-745-639-9316x0644,62970,Ap0SJjmt
Roger,Nelson,Electrical engineer,"Schultz, Werner and Martinez",abennett@example.net,South Lawrencestad,+1-856-395-3615x9502,89184,wDI4bDef
Kristen,Mcintyre,Product designer,"Bonilla, Jensen and Rivers",douglasgreen@example.org,Katiechester,857-537-0764x7223,72925,YzzlJXum
Lisa,Day,Air traffic controller,Hughes-Boyd,stevenwells@example.com,North Andreachester,636-881-3877x547,2223,XNeSTbYq
Autumn,Murphy,Warden/ranger,Mcdonald-Frank,mhutchinson@example.org,Lake Garymouth,+1-544-461-8989,40046,g5LLVmJp
Mark,Greene,Primary school teacher,Nguyen Ltd,debra47@example.net,East Lindamouth,7605316712,63163,uKx4LnUR
Julie,Malone,"Lecturer, further education",Bullock Ltd,sotowilliam@example.net,Martinstad,566.280.0629x995,44741,yyHlS1cM
Shelly,Jones,"Journalist, magazine",Ortiz Ltd,harriswilliam@example.org,Port Michael,(615)304-9742x520,25468,IKNE8Xkp
